User ID,username,comments,timestamp
0,amy,yo bitch ja rule is more succesful then you ll ever be,1/1/2026 0:00
1,jame,from rfc the title is fine as it is imo,1/1/2026 0:01
2,ben,sources zawe ashton on lapland,1/1/2026 0:02
3,cecilia,if you have a look back at the source the information is correct,1/1/2026 0:03
4,david,i don t anonymously edit articles at all,1/1/2026 0:04
5,eugene,lol this is so funny omg,1/1/2026 0:05
6,faith,u should check the references before making that claim,1/1/2026 0:06
7,hailey,im not saying it is bad but it needs more work,1/1/2026 0:07
8,ian,r u serious? this article is full of errors,1/1/2026 0:08
9,glenn,please visit https://example.com for more info,1/1/2026 0:09
